nonce, expected earnings, actual earning, tx fee
1, 1799519168478, -87285480831522, 89085000000000
2, 1799519168478, -87285480831522, 89085000000000
3, 1799519168478, -87285480831522, 89085000000000
4, 1799519168478, -87285480831522, 89085000000000
5, 1799519168478, -87273480831522, 89073000000000
6, 1799519168478, -87285480831522, 89085000000000
7, 1799519168478, -87285480831522, 89085000000000
8, 1799519168478, -87285480831522, 89085000000000
9, 1799519168478, -87285480831522, 89085000000000
10, 1799519168478, -87273480831522, 89073000000000
11, 1799519168478, -87285480831522, 89085000000000
12, 1799519168478, -87273480831522, 89073000000000
13, 1799519168478, -87285480831522, 89085000000000
14, 1799519168478, -87285480831522, 89085000000000
15, 1799519168478, -87285480831522, 89085000000000
16, 1799519168478, -87285480831522, 89085000000000
17, 1799519168478, -87261480831522, 89061000000000
18, 1799519168478, -87273480831522, 89073000000000
19, 1799519168478, -87285480831522, 89085000000000
20, 1799519168478, -87273480831522, 89073000000000
21, 1799519168478, -87285480831522, 89085000000000
22, 1799519168478, -87285480831522, 89085000000000
23, 1799519168478, -87273480831522, 89073000000000
24, 1799519168478, -87273480831522, 89073000000000
25, 1799519168478, -87285480831522, 89085000000000
26, 1799519168478, -87285480831522, 89085000000000
27, 1799519168478, -87285480831522, 89085000000000
28, 1799519168478, -87285480831522, 89085000000000
29, 1799519168478, -87273480831522, 89073000000000
30, 1799519168478, -87273480831522, 89073000000000
31, 1799519168478, -87285480831522, 89085000000000
32, 1799519168478, -87273480831522, 89073000000000
33, 1799519168478, -87273480831522, 89073000000000
34, 1799519168478, -87285480831522, 89085000000000
35, 1799519168478, -87285480831522, 89085000000000
36, 1799519168478, -87273480831522, 89073000000000
37, 1799519168478, -87285480831522, 89085000000000
38, 1799519168478, -87273480831522, 89073000000000
39, 1799519168478, -87273480831522, 89073000000000
40, 1799519168478, -87285480831522, 89085000000000
41, 1799519168478, -87285480831522, 89085000000000
42, 1799519168478, -87273480831522, 89073000000000
43, 1799519168478, -87261480831522, 89061000000000
44, 1799519168478, -87285480831522, 89085000000000
45, 1799519168478, -87261480831522, 89061000000000
46, 1799519168478, -87285480831522, 89085000000000
47, 1799519168478, -87285480831522, 89085000000000
48, 1799519168478, -87285480831522, 89085000000000
49, 1799519168478, -87285480831522, 89085000000000
50, 1799519168478, -87285480831522, 89085000000000
51, 1799519168478, -87285480831522, 89085000000000
52, 1799519168478, -87285480831522, 89085000000000
53, 1799519168478, -87285480831522, 89085000000000
54, 1799519168478, -87285480831522, 89085000000000
55, 1799519168478, -87285480831522, 89085000000000
56, 1799519168478, -87285480831522, 89085000000000
57, 1799519168478, -87285480831522, 89085000000000
58, 1799519168478, -87285480831522, 89085000000000
59, 1799519168478, -87285480831522, 89085000000000
60, 1799519168478, -87285480831522, 89085000000000
61, 1799519168478, -87273480831522, 89073000000000
62, 1799519168478, -87273480831522, 89073000000000
63, 1799519168478, -87285480831522, 89085000000000
64, 1799519168478, -87285480831522, 89085000000000
65, 1799519168478, -87285480831522, 89085000000000
66, 1799519168478, -87285480831522, 89085000000000
67, 1799519168478, -87285480831522, 89085000000000
68, 1799519168478, -87285480831522, 89085000000000
69, 1799519168478, -87285480831522, 89085000000000
70, 1799519168478, -87285480831522, 89085000000000
71, 1799519168478, -87285480831522, 89085000000000
72, 1799519168478, -87273480831522, 89073000000000
73, 1799519168478, -87273480831522, 89073000000000
74, 1799519168478, -87273480831522, 89073000000000
75, 1799519168478, -87285480831522, 89085000000000
76, 1799519168478, -87273480831522, 89073000000000
77, 1799519168478, -87285480831522, 89085000000000
78, 1799519168478, -87273480831522, 89073000000000
79, 1799519168478, -87285480831522, 89085000000000
80, 1799519168478, -87273480831522, 89073000000000
